{\rtf1\ansi\ansicpg1252\cocoartf2709
\cocoatextscaling0\cocoaplatform0{\fonttbl\f0\fnil\fcharset0 Monaco;}
{\colortbl;\red255\green255\blue255;\red255\green255\blue255;\red0\green0\blue0;}
{\*\expandedcolortbl;;\cssrgb\c100000\c100000\c100000;\cssrgb\c0\c0\c0;}
\paperw11900\paperh16840\margl1440\margr1440\vieww26380\viewh16500\viewkind0
\deftab720
\pard\pardeftab720\partightenfactor0

\f0\fs28 \cf2 \cb3 \expnd0\expndtw0\kerning0
\outl0\strokewidth0 \strokec2 code,code_since,appartement,appartement_since,rue,rue_since,ville,ville_since,region,region_since,pays,pays_since,code_postal,code_postal_since\
2,NOW(),1234,NOW(),Rue A,NOW(),Montreal,NOW(),Quebec,NOW(),Canada,NOW(),H1A,NOW()\
3,NOW(),5678,NOW(),Rue B,NOW(),Toronto,NOW(),Ontario,NOW(),Canada,NOW(),M5V,NOW()\
4,NOW(),9101,NOW(),Rue C,NOW(),Vancouver,NOW(),British Columbia,NOW(),Canada,NOW(),V6B,NOW()\
5,NOW(),1121,NOW(),Rue D,NOW(),Calgary,NOW(),Alberta,NOW(),Canada,NOW(),T2P,NOW()\
6,NOW(),3141,NOW(),Rue E,NOW(),Ottawa,NOW(),Ontario,NOW(),Canada,NOW(),K1P,NOW()\
7,NOW(),5161,NOW(),Rue F,NOW(),Edmonton,NOW(),Alberta,NOW(),Canada,NOW(),T5J,NOW()\
8,NOW(),7181,NOW(),Rue G,NOW(),Halifax,NOW(),Nova Scotia,NOW(),Canada,NOW(),B3J,NOW()\
9,NOW(),9202,NOW(),Rue H,NOW(),Winnipeg,NOW(),Manitoba,NOW(),Canada,NOW(),R3C,NOW()\
10,NOW(),1023,NOW(),Rue I,NOW(),Quebec,NOW(),Quebec,NOW(),Canada,NOW(),G1K,NOW()\
\
\
}